MATRICE DE COMPARAISON,Precision AVG (%) 100.0,Recall AVG (%)24.0306122449,FMesure AVG (%): 38.3049886621,FMesure ecart-type : 8.47268260911
(PRECISION/RAPPEL/FMESURE),Cluster 0,Cluster 1,Cluster 2,Cluster 3,Cluster 4,Cluster 5,Cluster 6,Cluster 7,Cluster 8,Cluster 9,Cluster 10,Cluster 11,Cluster 12,Cluster 13,Cluster 14,Cluster 15,Cluster 16,Cluster 17,Cluster 18,Cluster 19,Cluster 20,Cluster 21,Cluster 22,Cluster 23,Cluster 24,Cluster 25,Cluster 26,Cluster 27,Cluster 28,Cluster 29,Cluster 30,Cluster 31,Cluster 32,Cluster 33,Cluster 34,Cluster 35,Cluster 36,Cluster 37,Cluster 38,Cluster 39,Cluster 40,Cluster 41,Cluster 42,Cluster 43,Cluster 44,Cluster 45,Cluster 46,Cluster 47,Cluster 48,Cluster 49,Cluster 50,Cluster 51,Cluster 52,Cluster 53,Cluster 54,Cluster 55,Cluster 56,Cluster 57,Cluster 58,Cluster 59,Cluster 60,Cluster 61,Cluster 62,Cluster 63,Cluster 64,Cluster 65,Cluster 66,Cluster 67,Cluster 68,Cluster 69,Cluster 70,Cluster 71,Cluster 72,Cluster 73,Cluster 74,Cluster 75,Cluster 76,Cluster 77,Cluster 78,Cluster 79,Cluster 80,Cluster 81,Cluster 82,Cluster 83,Cluster 84,Cluster 85,Cluster 86,Cluster 87,Cluster 88,Cluster 89,Cluster 90,Cluster 91,Cluster 92,Cluster 93,Cluster 94
Reference cluster 0,"(0.0, 0.0, 0.0)","(0.0, 0.0, 0.0)","(0.0, 0.0, 0.0)","(0.0, 0.0, 0.0)","(0.0, 0.0, 0.0)","(0.0, 0.0, 0.0)","(0.0, 0.0, 0.0)","(0.0, 0.0, 0.0)","(0.0, 0.0, 0.0)","(1.0, 0.3333333333333333, 0.4999999999999963)","(0.0, 0.0, 0.0)","(0.0, 0.0, 0.0)","(0.0, 0.0, 0.0)","(0.0, 0.0, 0.0)","(0.0, 0.0, 0.0)","(0.0, 0.0, 0.0)","(0.0, 0.0, 0.0)","(0.0, 0.0, 0.0)","(0.0, 0.0, 0.0)","(0.0, 0.0, 0.0)","(0.0, 0.0, 0.0)","(0.0, 0.0, 0.0)","(0.0, 0.0, 0.0)","(0.0, 0.0, 0.0)","(0.0, 0.0, 0.0)","(0.0, 0.0, 0.0)","(0.0, 0.0, 0.0)","(0.0, 0.0, 0.0)","(0.0, 0.0, 0.0)","(0.0, 0.0, 0.0)","(0.0, 0.0, 0.0)","(0.0, 0.0, 0.0)","(0.0, 0.0, 0.0)","(0.0, 0.0, 0.0)","(1.0, 0.3333333333333333, 0.4999999999999963)","(0.0, 0.0, 0.0)","(0.0, 0.0, 0.0)","(0.0, 0.0, 0.0)","(0.0, 0.0, 0.0)","(0.0, 0.0, 0.0)","(0.0, 0.0, 0.0)","(0.0, 0.0, 0.0)","(0.0, 0.0, 0.0)","(1.0, 0.3333333333333333, 0.4999999999999963)","(0.0, 0.0, 0.0)","(0.0, 0.0, 0.0)","(0.0, 0.0, 0.0)","(0.0, 0.0, 0.0)","(0.0, 0.0, 0.0)","(0.0, 0.0, 0.0)","(0.0, 0.0, 0.0)","(0.0, 0.0, 0.0)","(0.0, 0.0, 0.0)","(0.0, 0.0, 0.0)","(0.0, 0.0, 0.0)","(0.0, 0.0, 0.0)","(0.0, 0.0, 0.0)","(0.0, 0.0, 0.0)","(0.0, 0.0, 0.0)","(0.0, 0.0, 0.0)","(0.0, 0.0, 0.0)","(0.0, 0.0, 0.0)","(0.0, 0.0, 0.0)","(0.0, 0.0, 0.0)","(0.0, 0.0, 0.0)","(0.0, 0.0, 0.0)","(0.0, 0.0, 0.0)","(0.0, 0.0, 0.0)","(0.0, 0.0, 0.0)","(0.0, 0.0, 0.0)","(0.0, 0.0, 0.0)","(0.0, 0.0, 0.0)","(0.0, 0.0, 0.0)","(0.0, 0.0, 0.0)","(0.0, 0.0, 0.0)","(0.0, 0.0, 0.0)","(0.0, 0.0, 0.0)","(0.0, 0.0, 0.0)","(0.0, 0.0, 0.0)","(0.0, 0.0, 0.0)","(0.0, 0.0, 0.0)","(0.0, 0.0, 0.0)","(0.0, 0.0, 0.0)","(0.0, 0.0, 0.0)","(0.0, 0.0, 0.0)","(0.0, 0.0, 0.0)","(0.0, 0.0, 0.0)","(0.0, 0.0, 0.0)","(0.0, 0.0, 0.0)","(0.0, 0.0, 0.0)","(0.0, 0.0, 0.0)","(0.0, 0.0, 0.0)","(0.0, 0.0, 0.0)","(0.0, 0.0, 0.0)","(0.0, 0.0, 0.0)"
Reference cluster 1,"(0.0, 0.0, 0.0)","(0.0, 0.0, 0.0)","(0.0, 0.0, 0.0)","(0.0, 0.0, 0.0)","(0.0, 0.0, 0.0)","(0.0, 0.0, 0.0)","(1.0, 0.3333333333333333, 0.4999999999999963)","(0.0, 0.0, 0.0)","(0.0, 0.0, 0.0)","(0.0, 0.0, 0.0)","(0.0, 0.0, 0.0)","(0.0, 0.0, 0.0)","(0.0, 0.0, 0.0)","(0.0, 0.0, 0.0)","(0.0, 0.0, 0.0)","(0.0, 0.0, 0.0)","(0.0, 0.0, 0.0)","(0.0, 0.0, 0.0)","(0.0, 0.0, 0.0)","(0.0, 0.0, 0.0)","(0.0, 0.0, 0.0)","(0.0, 0.0, 0.0)","(0.0, 0.0, 0.0)","(1.0, 0.3333333333333333, 0.4999999999999963)","(0.0, 0.0, 0.0)","(0.0, 0.0, 0.0)","(0.0, 0.0, 0.0)","(0.0, 0.0, 0.0)","(0.0, 0.0, 0.0)","(0.0, 0.0, 0.0)","(0.0, 0.0, 0.0)","(1.0, 0.3333333333333333, 0.4999999999999963)","(0.0, 0.0, 0.0)","(0.0, 0.0, 0.0)","(0.0, 0.0, 0.0)","(0.0, 0.0, 0.0)","(0.0, 0.0, 0.0)","(0.0, 0.0, 0.0)","(0.0, 0.0, 0.0)","(0.0, 0.0, 0.0)","(0.0, 0.0, 0.0)","(0.0, 0.0, 0.0)","(0.0, 0.0, 0.0)","(0.0, 0.0, 0.0)","(0.0, 0.0, 0.0)","(0.0, 0.0, 0.0)","(0.0, 0.0, 0.0)","(0.0, 0.0, 0.0)","(0.0, 0.0, 0.0)","(0.0, 0.0, 0.0)","(0.0, 0.0, 0.0)","(0.0, 0.0, 0.0)","(0.0, 0.0, 0.0)","(0.0, 0.0, 0.0)","(0.0, 0.0, 0.0)","(0.0, 0.0, 0.0)","(0.0, 0.0, 0.0)","(0.0, 0.0, 0.0)","(0.0, 0.0, 0.0)","(0.0, 0.0, 0.0)","(0.0, 0.0, 0.0)","(0.0, 0.0, 0.0)","(0.0, 0.0, 0.0)","(0.0, 0.0, 0.0)","(0.0, 0.0, 0.0)","(0.0, 0.0, 0.0)","(0.0, 0.0, 0.0)","(0.0, 0.0, 0.0)","(0.0, 0.0, 0.0)","(0.0, 0.0, 0.0)","(0.0, 0.0, 0.0)","(0.0, 0.0, 0.0)","(0.0, 0.0, 0.0)","(0.0, 0.0, 0.0)","(0.0, 0.0, 0.0)","(0.0, 0.0, 0.0)","(0.0, 0.0, 0.0)","(0.0, 0.0, 0.0)","(0.0, 0.0, 0.0)","(0.0, 0.0, 0.0)","(0.0, 0.0, 0.0)","(0.0, 0.0, 0.0)","(0.0, 0.0, 0.0)","(0.0, 0.0, 0.0)","(0.0, 0.0, 0.0)","(0.0, 0.0, 0.0)","(0.0, 0.0, 0.0)","(0.0, 0.0, 0.0)","(0.0, 0.0, 0.0)","(0.0, 0.0, 0.0)","(0.0, 0.0, 0.0)","(0.0, 0.0, 0.0)","(0.0, 0.0, 0.0)","(0.0, 0.0, 0.0)","(0.0, 0.0, 0.0)"
Reference cluster 2,"(0.0, 0.0, 0.0)","(0.0, 0.0, 0.0)","(0.0, 0.0, 0.0)","(0.0, 0.0, 0.0)","(0.0, 0.0, 0.0)","(0.0, 0.0, 0.0)","(0.0, 0.0, 0.0)","(0.0, 0.0, 0.0)","(0.0, 0.0, 0.0)","(0.0, 0.0, 0.0)","(0.0, 0.0, 0.0)","(0.0, 0.0, 0.0)","(0.0, 0.0, 0.0)","(0.0, 0.0, 0.0)","(0.0, 0.0, 0.0)","(0.0, 0.0, 0.0)","(0.0, 0.0, 0.0)","(0.0, 0.0, 0.0)","(0.0, 0.0, 0.0)","(0.0, 0.0, 0.0)","(0.0, 0.0, 0.0)","(0.0, 0.0, 0.0)","(0.0, 0.0, 0.0)","(0.0, 0.0, 0.0)","(0.0, 0.0, 0.0)","(0.0, 0.0, 0.0)","(0.0, 0.0, 0.0)","(0.0, 0.0, 0.0)","(0.0, 0.0, 0.0)","(0.0, 0.0, 0.0)","(0.0, 0.0, 0.0)","(0.0, 0.0, 0.0)","(0.0, 0.0, 0.0)","(0.0, 0.0, 0.0)","(0.0, 0.0, 0.0)","(0.0, 0.0, 0.0)","(0.0, 0.0, 0.0)","(0.0, 0.0, 0.0)","(0.0, 0.0, 0.0)","(0.0, 0.0, 0.0)","(0.0, 0.0, 0.0)","(0.0, 0.0, 0.0)","(0.0, 0.0, 0.0)","(0.0, 0.0, 0.0)","(0.0, 0.0, 0.0)","(0.0, 0.0, 0.0)","(0.0, 0.0, 0.0)","(0.0, 0.0, 0.0)","(0.0, 0.0, 0.0)","(0.0, 0.0, 0.0)","(0.0, 0.0, 0.0)","(0.0, 0.0, 0.0)","(0.0, 0.0, 0.0)","(0.0, 0.0, 0.0)","(1.0, 0.25, 0.3999999999999968)","(0.0, 0.0, 0.0)","(0.0, 0.0, 0.0)","(0.0, 0.0, 0.0)","(0.0, 0.0, 0.0)","(0.0, 0.0, 0.0)","(0.0, 0.0, 0.0)","(0.0, 0.0, 0.0)","(0.0, 0.0, 0.0)","(0.0, 0.0, 0.0)","(0.0, 0.0, 0.0)","(0.0, 0.0, 0.0)","(0.0, 0.0, 0.0)","(0.0, 0.0, 0.0)","(0.0, 0.0, 0.0)","(0.0, 0.0, 0.0)","(0.0, 0.0, 0.0)","(0.0, 0.0, 0.0)","(1.0, 0.25, 0.3999999999999968)","(0.0, 0.0, 0.0)","(0.0, 0.0, 0.0)","(0.0, 0.0, 0.0)","(0.0, 0.0, 0.0)","(0.0, 0.0, 0.0)","(0.0, 0.0, 0.0)","(0.0, 0.0, 0.0)","(0.0, 0.0, 0.0)","(0.0, 0.0, 0.0)","(0.0, 0.0, 0.0)","(0.0, 0.0, 0.0)","(0.0, 0.0, 0.0)","(0.0, 0.0, 0.0)","(0.0, 0.0, 0.0)","(0.0, 0.0, 0.0)","(0.0, 0.0, 0.0)","(0.0, 0.0, 0.0)","(0.0, 0.0, 0.0)","(0.0, 0.0, 0.0)","(0.0, 0.0, 0.0)","(0.5, 0.25, 0.3333333333333289)","(0.25, 0.25, 0.249999999999995)"
Reference cluster 3,"(0.0, 0.0, 0.0)","(0.0, 0.0, 0.0)","(0.0, 0.0, 0.0)","(0.0, 0.0, 0.0)","(0.0, 0.0, 0.0)","(0.0, 0.0, 0.0)","(0.0, 0.0, 0.0)","(0.0, 0.0, 0.0)","(0.0, 0.0, 0.0)","(0.0, 0.0, 0.0)","(0.0, 0.0, 0.0)","(1.0, 0.14285714285714285, 0.2499999999999978)","(0.0, 0.0, 0.0)","(0.0, 0.0, 0.0)","(0.0, 0.0, 0.0)","(0.0, 0.0, 0.0)","(0.0, 0.0, 0.0)","(0.0, 0.0, 0.0)","(1.0, 0.14285714285714285, 0.2499999999999978)","(0.0, 0.0, 0.0)","(0.0, 0.0, 0.0)","(0.0, 0.0, 0.0)","(0.0, 0.0, 0.0)","(0.0, 0.0, 0.0)","(0.0, 0.0, 0.0)","(0.0, 0.0, 0.0)","(0.0, 0.0, 0.0)","(0.0, 0.0, 0.0)","(0.0, 0.0, 0.0)","(0.0, 0.0, 0.0)","(0.0, 0.0, 0.0)","(0.0, 0.0, 0.0)","(0.0, 0.0, 0.0)","(0.0, 0.0, 0.0)","(0.0, 0.0, 0.0)","(0.0, 0.0, 0.0)","(0.0, 0.0, 0.0)","(0.0, 0.0, 0.0)","(0.0, 0.0, 0.0)","(0.0, 0.0, 0.0)","(0.0, 0.0, 0.0)","(0.0, 0.0, 0.0)","(0.0, 0.0, 0.0)","(0.0, 0.0, 0.0)","(1.0, 0.14285714285714285, 0.2499999999999978)","(0.0, 0.0, 0.0)","(1.0, 0.14285714285714285, 0.2499999999999978)","(0.0, 0.0, 0.0)","(0.0, 0.0, 0.0)","(1.0, 0.14285714285714285, 0.2499999999999978)","(0.0, 0.0, 0.0)","(0.0, 0.0, 0.0)","(0.0, 0.0, 0.0)","(0.0, 0.0, 0.0)","(0.0, 0.0, 0.0)","(0.0, 0.0, 0.0)","(0.0, 0.0, 0.0)","(0.0, 0.0, 0.0)","(0.0, 0.0, 0.0)","(0.0, 0.0, 0.0)","(0.0, 0.0, 0.0)","(0.0, 0.0, 0.0)","(0.0, 0.0, 0.0)","(0.0, 0.0, 0.0)","(0.0, 0.0, 0.0)","(1.0, 0.14285714285714285, 0.2499999999999978)","(0.0, 0.0, 0.0)","(1.0, 0.14285714285714285, 0.2499999999999978)","(0.0, 0.0, 0.0)","(0.0, 0.0, 0.0)","(0.0, 0.0, 0.0)","(0.0, 0.0, 0.0)","(0.0, 0.0, 0.0)","(0.0, 0.0, 0.0)","(0.0, 0.0, 0.0)","(0.0, 0.0, 0.0)","(0.0, 0.0, 0.0)","(0.0, 0.0, 0.0)","(0.0, 0.0, 0.0)","(0.0, 0.0, 0.0)","(0.0, 0.0, 0.0)","(0.0, 0.0, 0.0)","(0.0, 0.0, 0.0)","(0.0, 0.0, 0.0)","(0.0, 0.0, 0.0)","(0.0, 0.0, 0.0)","(0.0, 0.0, 0.0)","(0.0, 0.0, 0.0)","(0.0, 0.0, 0.0)","(0.0, 0.0, 0.0)","(0.0, 0.0, 0.0)","(0.0, 0.0, 0.0)","(0.0, 0.0, 0.0)","(0.0, 0.0, 0.0)","(0.0, 0.0, 0.0)"
Reference cluster 4,"(0.0, 0.0, 0.0)","(0.0, 0.0, 0.0)","(0.0, 0.0, 0.0)","(0.0, 0.0, 0.0)","(1.0, 0.3333333333333333, 0.4999999999999963)","(0.0, 0.0, 0.0)","(0.0, 0.0, 0.0)","(0.0, 0.0, 0.0)","(0.0, 0.0, 0.0)","(0.0, 0.0, 0.0)","(0.0, 0.0, 0.0)","(0.0, 0.0, 0.0)","(0.0, 0.0, 0.0)","(0.0, 0.0, 0.0)","(0.0, 0.0, 0.0)","(0.0, 0.0, 0.0)","(0.0, 0.0, 0.0)","(0.0, 0.0, 0.0)","(0.0, 0.0, 0.0)","(0.0, 0.0, 0.0)","(0.0, 0.0, 0.0)","(0.0, 0.0, 0.0)","(0.0, 0.0, 0.0)","(0.0, 0.0, 0.0)","(0.0, 0.0, 0.0)","(0.0, 0.0, 0.0)","(0.0, 0.0, 0.0)","(0.0, 0.0, 0.0)","(0.0, 0.0, 0.0)","(0.0, 0.0, 0.0)","(0.0, 0.0, 0.0)","(0.0, 0.0, 0.0)","(0.0, 0.0, 0.0)","(0.0, 0.0, 0.0)","(0.0, 0.0, 0.0)","(0.0, 0.0, 0.0)","(0.0, 0.0, 0.0)","(0.0, 0.0, 0.0)","(0.0, 0.0, 0.0)","(0.0, 0.0, 0.0)","(0.0, 0.0, 0.0)","(0.0, 0.0, 0.0)","(0.0, 0.0, 0.0)","(0.0, 0.0, 0.0)","(0.0, 0.0, 0.0)","(0.0, 0.0, 0.0)","(0.0, 0.0, 0.0)","(0.0, 0.0, 0.0)","(0.0, 0.0, 0.0)","(0.0, 0.0, 0.0)","(0.0, 0.0, 0.0)","(0.0, 0.0, 0.0)","(1.0, 0.3333333333333333, 0.4999999999999963)","(0.0, 0.0, 0.0)","(0.0, 0.0, 0.0)","(0.0, 0.0, 0.0)","(0.0, 0.0, 0.0)","(0.0, 0.0, 0.0)","(0.0, 0.0, 0.0)","(0.0, 0.0, 0.0)","(0.0, 0.0, 0.0)","(0.0, 0.0, 0.0)","(0.0, 0.0, 0.0)","(0.0, 0.0, 0.0)","(0.0, 0.0, 0.0)","(0.0, 0.0, 0.0)","(0.0, 0.0, 0.0)","(0.0, 0.0, 0.0)","(0.0, 0.0, 0.0)","(0.0, 0.0, 0.0)","(0.0, 0.0, 0.0)","(0.0, 0.0, 0.0)","(0.0, 0.0, 0.0)","(0.0, 0.0, 0.0)","(0.0, 0.0, 0.0)","(1.0, 0.3333333333333333, 0.4999999999999963)","(0.0, 0.0, 0.0)","(0.0, 0.0, 0.0)","(0.0, 0.0, 0.0)","(0.0, 0.0, 0.0)","(0.0, 0.0, 0.0)","(0.0, 0.0, 0.0)","(0.0, 0.0, 0.0)","(0.0, 0.0, 0.0)","(0.0, 0.0, 0.0)","(0.0, 0.0, 0.0)","(0.0, 0.0, 0.0)","(0.0, 0.0, 0.0)","(0.0, 0.0, 0.0)","(0.0, 0.0, 0.0)","(0.0, 0.0, 0.0)","(0.0, 0.0, 0.0)","(0.0, 0.0, 0.0)","(0.0, 0.0, 0.0)","(0.0, 0.0, 0.0)"
Reference cluster 5,"(0.0, 0.0, 0.0)","(1.0, 0.08333333333333333, 0.15384615384615244)","(0.0, 0.0, 0.0)","(1.0, 0.08333333333333333, 0.15384615384615244)","(0.0, 0.0, 0.0)","(0.0, 0.0, 0.0)","(0.0, 0.0, 0.0)","(0.0, 0.0, 0.0)","(0.0, 0.0, 0.0)","(0.0, 0.0, 0.0)","(0.0, 0.0, 0.0)","(0.0, 0.0, 0.0)","(0.0, 0.0, 0.0)","(0.0, 0.0, 0.0)","(1.0, 0.08333333333333333, 0.15384615384615244)","(0.0, 0.0, 0.0)","(0.0, 0.0, 0.0)","(0.0, 0.0, 0.0)","(0.0, 0.0, 0.0)","(1.0, 0.08333333333333333, 0.15384615384615244)","(0.0, 0.0, 0.0)","(0.0, 0.0, 0.0)","(0.0, 0.0, 0.0)","(0.0, 0.0, 0.0)","(0.0, 0.0, 0.0)","(0.0, 0.0, 0.0)","(0.0, 0.0, 0.0)","(0.0, 0.0, 0.0)","(0.0, 0.0, 0.0)","(0.0, 0.0, 0.0)","(1.0, 0.08333333333333333, 0.15384615384615244)","(0.0, 0.0, 0.0)","(0.0, 0.0, 0.0)","(0.0, 0.0, 0.0)","(0.0, 0.0, 0.0)","(0.0, 0.0, 0.0)","(1.0, 0.08333333333333333, 0.15384615384615244)","(0.0, 0.0, 0.0)","(0.0, 0.0, 0.0)","(0.0, 0.0, 0.0)","(0.0, 0.0, 0.0)","(0.0, 0.0, 0.0)","(0.0, 0.0, 0.0)","(0.0, 0.0, 0.0)","(0.0, 0.0, 0.0)","(0.0, 0.0, 0.0)","(0.0, 0.0, 0.0)","(0.0, 0.0, 0.0)","(0.0, 0.0, 0.0)","(0.0, 0.0, 0.0)","(0.0, 0.0, 0.0)","(0.0, 0.0, 0.0)","(0.0, 0.0, 0.0)","(0.0, 0.0, 0.0)","(0.0, 0.0, 0.0)","(0.0, 0.0, 0.0)","(0.0, 0.0, 0.0)","(0.0, 0.0, 0.0)","(0.0, 0.0, 0.0)","(0.0, 0.0, 0.0)","(0.0, 0.0, 0.0)","(0.0, 0.0, 0.0)","(0.0, 0.0, 0.0)","(0.0, 0.0, 0.0)","(0.0, 0.0, 0.0)","(0.0, 0.0, 0.0)","(0.0, 0.0, 0.0)","(0.0, 0.0, 0.0)","(0.0, 0.0, 0.0)","(0.0, 0.0, 0.0)","(1.0, 0.08333333333333333, 0.15384615384615244)","(0.0, 0.0, 0.0)","(0.0, 0.0, 0.0)","(0.0, 0.0, 0.0)","(1.0, 0.08333333333333333, 0.15384615384615244)","(0.0, 0.0, 0.0)","(0.0, 0.0, 0.0)","(0.0, 0.0, 0.0)","(1.0, 0.08333333333333333, 0.15384615384615244)","(0.0, 0.0, 0.0)","(0.0, 0.0, 0.0)","(1.0, 0.16666666666666666, 0.28571428571428326)","(0.0, 0.0, 0.0)","(0.0, 0.0, 0.0)","(0.0, 0.0, 0.0)","(0.0, 0.0, 0.0)","(0.5, 0.08333333333333333, 0.1428571428571404)","(0.0, 0.0, 0.0)","(0.0, 0.0, 0.0)","(0.0, 0.0, 0.0)","(0.0, 0.0, 0.0)","(0.0, 0.0, 0.0)","(0.0, 0.0, 0.0)","(0.0, 0.0, 0.0)","(0.0, 0.0, 0.0)"
Reference cluster 6,"(1.0, 0.25, 0.3999999999999968)","(0.0, 0.0, 0.0)","(0.0, 0.0, 0.0)","(0.0, 0.0, 0.0)","(0.0, 0.0, 0.0)","(1.0, 0.25, 0.3999999999999968)","(0.0, 0.0, 0.0)","(0.0, 0.0, 0.0)","(0.0, 0.0, 0.0)","(0.0, 0.0, 0.0)","(0.0, 0.0, 0.0)","(0.0, 0.0, 0.0)","(0.0, 0.0, 0.0)","(0.0, 0.0, 0.0)","(0.0, 0.0, 0.0)","(0.0, 0.0, 0.0)","(0.0, 0.0, 0.0)","(0.0, 0.0, 0.0)","(0.0, 0.0, 0.0)","(0.0, 0.0, 0.0)","(0.0, 0.0, 0.0)","(0.0, 0.0, 0.0)","(0.0, 0.0, 0.0)","(0.0, 0.0, 0.0)","(0.0, 0.0, 0.0)","(0.0, 0.0, 0.0)","(0.0, 0.0, 0.0)","(0.0, 0.0, 0.0)","(0.0, 0.0, 0.0)","(0.0, 0.0, 0.0)","(0.0, 0.0, 0.0)","(0.0, 0.0, 0.0)","(0.0, 0.0, 0.0)","(0.0, 0.0, 0.0)","(0.0, 0.0, 0.0)","(0.0, 0.0, 0.0)","(0.0, 0.0, 0.0)","(0.0, 0.0, 0.0)","(0.0, 0.0, 0.0)","(0.0, 0.0, 0.0)","(0.0, 0.0, 0.0)","(0.0, 0.0, 0.0)","(0.0, 0.0, 0.0)","(0.0, 0.0, 0.0)","(0.0, 0.0, 0.0)","(0.0, 0.0, 0.0)","(0.0, 0.0, 0.0)","(0.0, 0.0, 0.0)","(0.0, 0.0, 0.0)","(0.0, 0.0, 0.0)","(0.0, 0.0, 0.0)","(1.0, 0.25, 0.3999999999999968)","(0.0, 0.0, 0.0)","(0.0, 0.0, 0.0)","(0.0, 0.0, 0.0)","(0.0, 0.0, 0.0)","(0.0, 0.0, 0.0)","(0.0, 0.0, 0.0)","(0.0, 0.0, 0.0)","(0.0, 0.0, 0.0)","(0.0, 0.0, 0.0)","(0.0, 0.0, 0.0)","(0.0, 0.0, 0.0)","(0.0, 0.0, 0.0)","(0.0, 0.0, 0.0)","(0.0, 0.0, 0.0)","(0.0, 0.0, 0.0)","(0.0, 0.0, 0.0)","(0.0, 0.0, 0.0)","(0.0, 0.0, 0.0)","(0.0, 0.0, 0.0)","(0.0, 0.0, 0.0)","(0.0, 0.0, 0.0)","(0.0, 0.0, 0.0)","(0.0, 0.0, 0.0)","(0.0, 0.0, 0.0)","(0.0, 0.0, 0.0)","(0.0, 0.0, 0.0)","(0.0, 0.0, 0.0)","(0.0, 0.0, 0.0)","(0.0, 0.0, 0.0)","(0.0, 0.0, 0.0)","(0.0, 0.0, 0.0)","(0.0, 0.0, 0.0)","(0.0, 0.0, 0.0)","(0.0, 0.0, 0.0)","(0.0, 0.0, 0.0)","(0.0, 0.0, 0.0)","(0.0, 0.0, 0.0)","(0.5, 0.25, 0.3333333333333289)","(0.0, 0.0, 0.0)","(0.0, 0.0, 0.0)","(0.0, 0.0, 0.0)","(0.0, 0.0, 0.0)","(0.0, 0.0, 0.0)"
Reference cluster 7,"(0.0, 0.0, 0.0)","(0.0, 0.0, 0.0)","(0.0, 0.0, 0.0)","(0.0, 0.0, 0.0)","(0.0, 0.0, 0.0)","(0.0, 0.0, 0.0)","(0.0, 0.0, 0.0)","(0.0, 0.0, 0.0)","(0.0, 0.0, 0.0)","(0.0, 0.0, 0.0)","(0.0, 0.0, 0.0)","(0.0, 0.0, 0.0)","(0.0, 0.0, 0.0)","(0.0, 0.0, 0.0)","(0.0, 0.0, 0.0)","(1.0, 0.25, 0.3999999999999968)","(0.0, 0.0, 0.0)","(0.0, 0.0, 0.0)","(0.0, 0.0, 0.0)","(0.0, 0.0, 0.0)","(0.0, 0.0, 0.0)","(0.0, 0.0, 0.0)","(0.0, 0.0, 0.0)","(0.0, 0.0, 0.0)","(0.0, 0.0, 0.0)","(0.0, 0.0, 0.0)","(0.0, 0.0, 0.0)","(0.0, 0.0, 0.0)","(0.0, 0.0, 0.0)","(0.0, 0.0, 0.0)","(0.0, 0.0, 0.0)","(0.0, 0.0, 0.0)","(0.0, 0.0, 0.0)","(0.0, 0.0, 0.0)","(0.0, 0.0, 0.0)","(0.0, 0.0, 0.0)","(0.0, 0.0, 0.0)","(1.0, 0.25, 0.3999999999999968)","(0.0, 0.0, 0.0)","(0.0, 0.0, 0.0)","(0.0, 0.0, 0.0)","(0.0, 0.0, 0.0)","(0.0, 0.0, 0.0)","(0.0, 0.0, 0.0)","(0.0, 0.0, 0.0)","(0.0, 0.0, 0.0)","(0.0, 0.0, 0.0)","(0.0, 0.0, 0.0)","(0.0, 0.0, 0.0)","(0.0, 0.0, 0.0)","(0.0, 0.0, 0.0)","(0.0, 0.0, 0.0)","(0.0, 0.0, 0.0)","(0.0, 0.0, 0.0)","(0.0, 0.0, 0.0)","(0.0, 0.0, 0.0)","(0.0, 0.0, 0.0)","(1.0, 0.25, 0.3999999999999968)","(0.0, 0.0, 0.0)","(0.0, 0.0, 0.0)","(0.0, 0.0, 0.0)","(0.0, 0.0, 0.0)","(0.0, 0.0, 0.0)","(0.0, 0.0, 0.0)","(1.0, 0.25, 0.3999999999999968)","(0.0, 0.0, 0.0)","(0.0, 0.0, 0.0)","(0.0, 0.0, 0.0)","(0.0, 0.0, 0.0)","(0.0, 0.0, 0.0)","(0.0, 0.0, 0.0)","(0.0, 0.0, 0.0)","(0.0, 0.0, 0.0)","(0.0, 0.0, 0.0)","(0.0, 0.0, 0.0)","(0.0, 0.0, 0.0)","(0.0, 0.0, 0.0)","(0.0, 0.0, 0.0)","(0.0, 0.0, 0.0)","(0.0, 0.0, 0.0)","(0.0, 0.0, 0.0)","(0.0, 0.0, 0.0)","(0.0, 0.0, 0.0)","(0.0, 0.0, 0.0)","(0.0, 0.0, 0.0)","(0.0, 0.0, 0.0)","(0.0, 0.0, 0.0)","(0.0, 0.0, 0.0)","(0.0, 0.0, 0.0)","(0.0, 0.0, 0.0)","(0.0, 0.0, 0.0)","(0.0, 0.0, 0.0)","(0.0, 0.0, 0.0)","(0.0, 0.0, 0.0)","(0.0, 0.0, 0.0)"
Reference cluster 8,"(0.0, 0.0, 0.0)","(0.0, 0.0, 0.0)","(0.0, 0.0, 0.0)","(0.0, 0.0, 0.0)","(0.0, 0.0, 0.0)","(0.0, 0.0, 0.0)","(0.0, 0.0, 0.0)","(0.0, 0.0, 0.0)","(0.0, 0.0, 0.0)","(0.0, 0.0, 0.0)","(0.0, 0.0, 0.0)","(0.0, 0.0, 0.0)","(0.0, 0.0, 0.0)","(0.0, 0.0, 0.0)","(0.0, 0.0, 0.0)","(0.0, 0.0, 0.0)","(0.0, 0.0, 0.0)","(0.0, 0.0, 0.0)","(0.0, 0.0, 0.0)","(0.0, 0.0, 0.0)","(0.0, 0.0, 0.0)","(1.0, 0.14285714285714285, 0.2499999999999978)","(0.0, 0.0, 0.0)","(0.0, 0.0, 0.0)","(1.0, 0.14285714285714285, 0.2499999999999978)","(0.0, 0.0, 0.0)","(0.0, 0.0, 0.0)","(0.0, 0.0, 0.0)","(0.0, 0.0, 0.0)","(1.0, 0.14285714285714285, 0.2499999999999978)","(0.0, 0.0, 0.0)","(0.0, 0.0, 0.0)","(0.0, 0.0, 0.0)","(1.0, 0.14285714285714285, 0.2499999999999978)","(0.0, 0.0, 0.0)","(0.0, 0.0, 0.0)","(0.0, 0.0, 0.0)","(0.0, 0.0, 0.0)","(0.0, 0.0, 0.0)","(0.0, 0.0, 0.0)","(0.0, 0.0, 0.0)","(0.0, 0.0, 0.0)","(0.0, 0.0, 0.0)","(0.0, 0.0, 0.0)","(0.0, 0.0, 0.0)","(0.0, 0.0, 0.0)","(0.0, 0.0, 0.0)","(0.0, 0.0, 0.0)","(0.0, 0.0, 0.0)","(0.0, 0.0, 0.0)","(0.0, 0.0, 0.0)","(0.0, 0.0, 0.0)","(0.0, 0.0, 0.0)","(0.0, 0.0, 0.0)","(0.0, 0.0, 0.0)","(0.0, 0.0, 0.0)","(0.0, 0.0, 0.0)","(0.0, 0.0, 0.0)","(0.0, 0.0, 0.0)","(0.0, 0.0, 0.0)","(0.0, 0.0, 0.0)","(0.0, 0.0, 0.0)","(0.0, 0.0, 0.0)","(0.0, 0.0, 0.0)","(0.0, 0.0, 0.0)","(0.0, 0.0, 0.0)","(0.0, 0.0, 0.0)","(0.0, 0.0, 0.0)","(0.0, 0.0, 0.0)","(0.0, 0.0, 0.0)","(0.0, 0.0, 0.0)","(0.0, 0.0, 0.0)","(0.0, 0.0, 0.0)","(0.0, 0.0, 0.0)","(0.0, 0.0, 0.0)","(0.0, 0.0, 0.0)","(0.0, 0.0, 0.0)","(0.0, 0.0, 0.0)","(0.0, 0.0, 0.0)","(0.0, 0.0, 0.0)","(0.0, 0.0, 0.0)","(0.0, 0.0, 0.0)","(0.0, 0.0, 0.0)","(0.0, 0.0, 0.0)","(1.0, 0.2857142857142857, 0.44444444444444103)","(0.0, 0.0, 0.0)","(0.0, 0.0, 0.0)","(0.0, 0.0, 0.0)","(0.0, 0.0, 0.0)","(0.0, 0.0, 0.0)","(0.0, 0.0, 0.0)","(0.0, 0.0, 0.0)","(0.0, 0.0, 0.0)","(0.0, 0.0, 0.0)","(0.25, 0.14285714285714285, 0.1818181818181772)"
Reference cluster 9,"(0.0, 0.0, 0.0)","(0.0, 0.0, 0.0)","(0.0, 0.0, 0.0)","(0.0, 0.0, 0.0)","(0.0, 0.0, 0.0)","(0.0, 0.0, 0.0)","(0.0, 0.0, 0.0)","(0.0, 0.0, 0.0)","(0.0, 0.0, 0.0)","(0.0, 0.0, 0.0)","(1.0, 0.16666666666666666, 0.28571428571428326)","(0.0, 0.0, 0.0)","(0.0, 0.0, 0.0)","(0.0, 0.0, 0.0)","(0.0, 0.0, 0.0)","(0.0, 0.0, 0.0)","(0.0, 0.0, 0.0)","(1.0, 0.16666666666666666, 0.28571428571428326)","(0.0, 0.0, 0.0)","(0.0, 0.0, 0.0)","(0.0, 0.0, 0.0)","(0.0, 0.0, 0.0)","(1.0, 0.16666666666666666, 0.28571428571428326)","(0.0, 0.0, 0.0)","(0.0, 0.0, 0.0)","(0.0, 0.0, 0.0)","(0.0, 0.0, 0.0)","(0.0, 0.0, 0.0)","(0.0, 0.0, 0.0)","(0.0, 0.0, 0.0)","(0.0, 0.0, 0.0)","(0.0, 0.0, 0.0)","(0.0, 0.0, 0.0)","(0.0, 0.0, 0.0)","(0.0, 0.0, 0.0)","(0.0, 0.0, 0.0)","(0.0, 0.0, 0.0)","(0.0, 0.0, 0.0)","(0.0, 0.0, 0.0)","(0.0, 0.0, 0.0)","(0.0, 0.0, 0.0)","(0.0, 0.0, 0.0)","(1.0, 0.16666666666666666, 0.28571428571428326)","(0.0, 0.0, 0.0)","(0.0, 0.0, 0.0)","(0.0, 0.0, 0.0)","(0.0, 0.0, 0.0)","(0.0, 0.0, 0.0)","(0.0, 0.0, 0.0)","(0.0, 0.0, 0.0)","(0.0, 0.0, 0.0)","(0.0, 0.0, 0.0)","(0.0, 0.0, 0.0)","(0.0, 0.0, 0.0)","(0.0, 0.0, 0.0)","(0.0, 0.0, 0.0)","(0.0, 0.0, 0.0)","(0.0, 0.0, 0.0)","(0.0, 0.0, 0.0)","(0.0, 0.0, 0.0)","(0.0, 0.0, 0.0)","(0.0, 0.0, 0.0)","(0.0, 0.0, 0.0)","(0.0, 0.0, 0.0)","(0.0, 0.0, 0.0)","(0.0, 0.0, 0.0)","(0.0, 0.0, 0.0)","(0.0, 0.0, 0.0)","(0.0, 0.0, 0.0)","(0.0, 0.0, 0.0)","(0.0, 0.0, 0.0)","(0.0, 0.0, 0.0)","(0.0, 0.0, 0.0)","(0.0, 0.0, 0.0)","(0.0, 0.0, 0.0)","(0.0, 0.0, 0.0)","(0.0, 0.0, 0.0)","(0.0, 0.0, 0.0)","(0.0, 0.0, 0.0)","(0.0, 0.0, 0.0)","(0.5, 0.16666666666666666, 0.24999999999999625)","(0.0, 0.0, 0.0)","(0.0, 0.0, 0.0)","(0.5, 0.16666666666666666, 0.24999999999999625)","(0.0, 0.0, 0.0)","(0.0, 0.0, 0.0)","(0.0, 0.0, 0.0)","(0.0, 0.0, 0.0)","(0.0, 0.0, 0.0)","(0.0, 0.0, 0.0)","(0.0, 0.0, 0.0)","(0.0, 0.0, 0.0)","(0.0, 0.0, 0.0)","(0.0, 0.0, 0.0)","(0.0, 0.0, 0.0)"
Reference cluster 10,"(0.0, 0.0, 0.0)","(0.0, 0.0, 0.0)","(0.0, 0.0, 0.0)","(0.0, 0.0, 0.0)","(0.0, 0.0, 0.0)","(0.0, 0.0, 0.0)","(0.0, 0.0, 0.0)","(0.0, 0.0, 0.0)","(0.0, 0.0, 0.0)","(0.0, 0.0, 0.0)","(0.0, 0.0, 0.0)","(0.0, 0.0, 0.0)","(0.0, 0.0, 0.0)","(0.0, 0.0, 0.0)","(0.0, 0.0, 0.0)","(0.0, 0.0, 0.0)","(0.0, 0.0, 0.0)","(0.0, 0.0, 0.0)","(0.0, 0.0, 0.0)","(0.0, 0.0, 0.0)","(0.0, 0.0, 0.0)","(0.0, 0.0, 0.0)","(0.0, 0.0, 0.0)","(0.0, 0.0, 0.0)","(0.0, 0.0, 0.0)","(0.0, 0.0, 0.0)","(0.0, 0.0, 0.0)","(0.0, 0.0, 0.0)","(0.0, 0.0, 0.0)","(0.0, 0.0, 0.0)","(0.0, 0.0, 0.0)","(0.0, 0.0, 0.0)","(0.0, 0.0, 0.0)","(0.0, 0.0, 0.0)","(0.0, 0.0, 0.0)","(0.0, 0.0, 0.0)","(0.0, 0.0, 0.0)","(0.0, 0.0, 0.0)","(0.0, 0.0, 0.0)","(0.0, 0.0, 0.0)","(0.0, 0.0, 0.0)","(0.0, 0.0, 0.0)","(0.0, 0.0, 0.0)","(0.0, 0.0, 0.0)","(0.0, 0.0, 0.0)","(0.0, 0.0, 0.0)","(0.0, 0.0, 0.0)","(0.0, 0.0, 0.0)","(0.0, 0.0, 0.0)","(0.0, 0.0, 0.0)","(0.0, 0.0, 0.0)","(0.0, 0.0, 0.0)","(0.0, 0.0, 0.0)","(0.0, 0.0, 0.0)","(0.0, 0.0, 0.0)","(0.0, 0.0, 0.0)","(0.0, 0.0, 0.0)","(0.0, 0.0, 0.0)","(0.0, 0.0, 0.0)","(0.0, 0.0, 0.0)","(1.0, 0.14285714285714285, 0.2499999999999978)","(0.0, 0.0, 0.0)","(0.0, 0.0, 0.0)","(0.0, 0.0, 0.0)","(0.0, 0.0, 0.0)","(0.0, 0.0, 0.0)","(0.0, 0.0, 0.0)","(0.0, 0.0, 0.0)","(0.0, 0.0, 0.0)","(0.0, 0.0, 0.0)","(0.0, 0.0, 0.0)","(0.0, 0.0, 0.0)","(0.0, 0.0, 0.0)","(0.0, 0.0, 0.0)","(0.0, 0.0, 0.0)","(0.0, 0.0, 0.0)","(0.0, 0.0, 0.0)","(1.0, 0.14285714285714285, 0.2499999999999978)","(0.0, 0.0, 0.0)","(1.0, 0.2857142857142857, 0.44444444444444103)","(0.0, 0.0, 0.0)","(0.0, 0.0, 0.0)","(0.0, 0.0, 0.0)","(0.0, 0.0, 0.0)","(0.0, 0.0, 0.0)","(0.0, 0.0, 0.0)","(0.0, 0.0, 0.0)","(0.0, 0.0, 0.0)","(0.0, 0.0, 0.0)","(0.5, 0.14285714285714285, 0.22222222222221877)","(0.0, 0.0, 0.0)","(0.0, 0.0, 0.0)","(1.0, 0.2857142857142857, 0.44444444444444103)","(0.0, 0.0, 0.0)","(0.0, 0.0, 0.0)"
Reference cluster 11,"(0.0, 0.0, 0.0)","(0.0, 0.0, 0.0)","(0.0, 0.0, 0.0)","(0.0, 0.0, 0.0)","(0.0, 0.0, 0.0)","(0.0, 0.0, 0.0)","(0.0, 0.0, 0.0)","(0.0, 0.0, 0.0)","(0.0, 0.0, 0.0)","(0.0, 0.0, 0.0)","(0.0, 0.0, 0.0)","(0.0, 0.0, 0.0)","(0.0, 0.0, 0.0)","(0.0, 0.0, 0.0)","(0.0, 0.0, 0.0)","(0.0, 0.0, 0.0)","(0.0, 0.0, 0.0)","(0.0, 0.0, 0.0)","(0.0, 0.0, 0.0)","(0.0, 0.0, 0.0)","(0.0, 0.0, 0.0)","(0.0, 0.0, 0.0)","(0.0, 0.0, 0.0)","(0.0, 0.0, 0.0)","(0.0, 0.0, 0.0)","(0.0, 0.0, 0.0)","(0.0, 0.0, 0.0)","(0.0, 0.0, 0.0)","(0.0, 0.0, 0.0)","(0.0, 0.0, 0.0)","(0.0, 0.0, 0.0)","(0.0, 0.0, 0.0)","(0.0, 0.0, 0.0)","(0.0, 0.0, 0.0)","(0.0, 0.0, 0.0)","(0.0, 0.0, 0.0)","(0.0, 0.0, 0.0)","(0.0, 0.0, 0.0)","(0.0, 0.0, 0.0)","(0.0, 0.0, 0.0)","(0.0, 0.0, 0.0)","(1.0, 0.16666666666666666, 0.28571428571428326)","(0.0, 0.0, 0.0)","(0.0, 0.0, 0.0)","(0.0, 0.0, 0.0)","(0.0, 0.0, 0.0)","(0.0, 0.0, 0.0)","(0.0, 0.0, 0.0)","(1.0, 0.16666666666666666, 0.28571428571428326)","(0.0, 0.0, 0.0)","(0.0, 0.0, 0.0)","(0.0, 0.0, 0.0)","(0.0, 0.0, 0.0)","(0.0, 0.0, 0.0)","(0.0, 0.0, 0.0)","(1.0, 0.16666666666666666, 0.28571428571428326)","(0.0, 0.0, 0.0)","(0.0, 0.0, 0.0)","(1.0, 0.16666666666666666, 0.28571428571428326)","(0.0, 0.0, 0.0)","(0.0, 0.0, 0.0)","(0.0, 0.0, 0.0)","(0.0, 0.0, 0.0)","(0.0, 0.0, 0.0)","(0.0, 0.0, 0.0)","(0.0, 0.0, 0.0)","(0.0, 0.0, 0.0)","(0.0, 0.0, 0.0)","(0.0, 0.0, 0.0)","(0.0, 0.0, 0.0)","(0.0, 0.0, 0.0)","(0.0, 0.0, 0.0)","(0.0, 0.0, 0.0)","(1.0, 0.16666666666666666, 0.28571428571428326)","(0.0, 0.0, 0.0)","(0.0, 0.0, 0.0)","(1.0, 0.16666666666666666, 0.28571428571428326)","(0.0, 0.0, 0.0)","(0.0, 0.0, 0.0)","(0.0, 0.0, 0.0)","(0.0, 0.0, 0.0)","(0.0, 0.0, 0.0)","(0.0, 0.0, 0.0)","(0.0, 0.0, 0.0)","(0.0, 0.0, 0.0)","(0.0, 0.0, 0.0)","(0.0, 0.0, 0.0)","(0.0, 0.0, 0.0)","(0.0, 0.0, 0.0)","(0.0, 0.0, 0.0)","(0.0, 0.0, 0.0)","(0.0, 0.0, 0.0)","(0.0, 0.0, 0.0)","(0.0, 0.0, 0.0)","(0.0, 0.0, 0.0)"
Reference cluster 12,"(0.0, 0.0, 0.0)","(0.0, 0.0, 0.0)","(0.0, 0.0, 0.0)","(0.0, 0.0, 0.0)","(0.0, 0.0, 0.0)","(0.0, 0.0, 0.0)","(0.0, 0.0, 0.0)","(0.0, 0.0, 0.0)","(0.0, 0.0, 0.0)","(0.0, 0.0, 0.0)","(0.0, 0.0, 0.0)","(0.0, 0.0, 0.0)","(0.0, 0.0, 0.0)","(0.0, 0.0, 0.0)","(0.0, 0.0, 0.0)","(0.0, 0.0, 0.0)","(0.0, 0.0, 0.0)","(0.0, 0.0, 0.0)","(0.0, 0.0, 0.0)","(0.0, 0.0, 0.0)","(0.0, 0.0, 0.0)","(0.0, 0.0, 0.0)","(0.0, 0.0, 0.0)","(0.0, 0.0, 0.0)","(0.0, 0.0, 0.0)","(0.0, 0.0, 0.0)","(1.0, 0.2, 0.3333333333333306)","(0.0, 0.0, 0.0)","(0.0, 0.0, 0.0)","(0.0, 0.0, 0.0)","(0.0, 0.0, 0.0)","(0.0, 0.0, 0.0)","(0.0, 0.0, 0.0)","(0.0, 0.0, 0.0)","(0.0, 0.0, 0.0)","(0.0, 0.0, 0.0)","(0.0, 0.0, 0.0)","(0.0, 0.0, 0.0)","(0.0, 0.0, 0.0)","(0.0, 0.0, 0.0)","(0.0, 0.0, 0.0)","(0.0, 0.0, 0.0)","(0.0, 0.0, 0.0)","(0.0, 0.0, 0.0)","(0.0, 0.0, 0.0)","(0.0, 0.0, 0.0)","(0.0, 0.0, 0.0)","(0.0, 0.0, 0.0)","(0.0, 0.0, 0.0)","(0.0, 0.0, 0.0)","(0.0, 0.0, 0.0)","(0.0, 0.0, 0.0)","(0.0, 0.0, 0.0)","(0.0, 0.0, 0.0)","(0.0, 0.0, 0.0)","(0.0, 0.0, 0.0)","(0.0, 0.0, 0.0)","(0.0, 0.0, 0.0)","(0.0, 0.0, 0.0)","(0.0, 0.0, 0.0)","(0.0, 0.0, 0.0)","(1.0, 0.2, 0.3333333333333306)","(0.0, 0.0, 0.0)","(0.0, 0.0, 0.0)","(0.0, 0.0, 0.0)","(0.0, 0.0, 0.0)","(1.0, 0.2, 0.3333333333333306)","(0.0, 0.0, 0.0)","(0.0, 0.0, 0.0)","(0.0, 0.0, 0.0)","(0.0, 0.0, 0.0)","(0.0, 0.0, 0.0)","(0.0, 0.0, 0.0)","(0.0, 0.0, 0.0)","(0.0, 0.0, 0.0)","(0.0, 0.0, 0.0)","(0.0, 0.0, 0.0)","(0.0, 0.0, 0.0)","(0.0, 0.0, 0.0)","(0.0, 0.0, 0.0)","(0.0, 0.0, 0.0)","(0.0, 0.0, 0.0)","(0.0, 0.0, 0.0)","(0.5, 0.2, 0.28571428571428165)","(0.0, 0.0, 0.0)","(0.0, 0.0, 0.0)","(0.0, 0.0, 0.0)","(0.5, 0.2, 0.28571428571428165)","(0.0, 0.0, 0.0)","(0.0, 0.0, 0.0)","(0.0, 0.0, 0.0)","(0.0, 0.0, 0.0)","(0.0, 0.0, 0.0)","(0.0, 0.0, 0.0)","(0.0, 0.0, 0.0)"
Reference cluster 13,"(0.0, 0.0, 0.0)","(0.0, 0.0, 0.0)","(0.0, 0.0, 0.0)","(0.0, 0.0, 0.0)","(0.0, 0.0, 0.0)","(0.0, 0.0, 0.0)","(0.0, 0.0, 0.0)","(0.0, 0.0, 0.0)","(0.0, 0.0, 0.0)","(0.0, 0.0, 0.0)","(0.0, 0.0, 0.0)","(0.0, 0.0, 0.0)","(0.0, 0.0, 0.0)","(0.0, 0.0, 0.0)","(0.0, 0.0, 0.0)","(0.0, 0.0, 0.0)","(1.0, 0.1, 0.18181818181818016)","(0.0, 0.0, 0.0)","(0.0, 0.0, 0.0)","(0.0, 0.0, 0.0)","(0.0, 0.0, 0.0)","(0.0, 0.0, 0.0)","(0.0, 0.0, 0.0)","(0.0, 0.0, 0.0)","(0.0, 0.0, 0.0)","(0.0, 0.0, 0.0)","(0.0, 0.0, 0.0)","(0.0, 0.0, 0.0)","(1.0, 0.1, 0.18181818181818016)","(0.0, 0.0, 0.0)","(0.0, 0.0, 0.0)","(0.0, 0.0, 0.0)","(1.0, 0.1, 0.18181818181818016)","(0.0, 0.0, 0.0)","(0.0, 0.0, 0.0)","(0.0, 0.0, 0.0)","(0.0, 0.0, 0.0)","(0.0, 0.0, 0.0)","(1.0, 0.1, 0.18181818181818016)","(0.0, 0.0, 0.0)","(0.0, 0.0, 0.0)","(0.0, 0.0, 0.0)","(0.0, 0.0, 0.0)","(0.0, 0.0, 0.0)","(0.0, 0.0, 0.0)","(0.0, 0.0, 0.0)","(0.0, 0.0, 0.0)","(0.0, 0.0, 0.0)","(0.0, 0.0, 0.0)","(0.0, 0.0, 0.0)","(1.0, 0.1, 0.18181818181818016)","(0.0, 0.0, 0.0)","(0.0, 0.0, 0.0)","(0.0, 0.0, 0.0)","(0.0, 0.0, 0.0)","(0.0, 0.0, 0.0)","(1.0, 0.1, 0.18181818181818016)","(0.0, 0.0, 0.0)","(0.0, 0.0, 0.0)","(0.0, 0.0, 0.0)","(0.0, 0.0, 0.0)","(0.0, 0.0, 0.0)","(0.0, 0.0, 0.0)","(0.0, 0.0, 0.0)","(0.0, 0.0, 0.0)","(0.0, 0.0, 0.0)","(0.0, 0.0, 0.0)","(0.0, 0.0, 0.0)","(0.0, 0.0, 0.0)","(0.0, 0.0, 0.0)","(0.0, 0.0, 0.0)","(0.0, 0.0, 0.0)","(0.0, 0.0, 0.0)","(0.0, 0.0, 0.0)","(0.0, 0.0, 0.0)","(0.0, 0.0, 0.0)","(0.0, 0.0, 0.0)","(0.0, 0.0, 0.0)","(0.0, 0.0, 0.0)","(0.0, 0.0, 0.0)","(0.0, 0.0, 0.0)","(0.0, 0.0, 0.0)","(0.5, 0.1, 0.1666666666666639)","(0.0, 0.0, 0.0)","(0.0, 0.0, 0.0)","(0.0, 0.0, 0.0)","(0.0, 0.0, 0.0)","(0.0, 0.0, 0.0)","(0.0, 0.0, 0.0)","(0.0, 0.0, 0.0)","(1.0, 0.2, 0.3333333333333306)","(0.0, 0.0, 0.0)","(0.0, 0.0, 0.0)","(0.0, 0.0, 0.0)","(0.25, 0.1, 0.1428571428571388)"
""
CORRESPONDANCES
REFERENCE,CLUSTER,PRECISON/RAPPEL/FMESURE
Reference clusters 0,Cluster 43,"(1.0, 0.3333333333333333, 0.4999999999999963)"
Reference cluster 0,imperfections,ridules,rides
Cluster 43,imperfections
_____________________,_____________________,_____________________,_____________________
Reference clusters 1,Cluster 31,"(1.0, 0.3333333333333333, 0.4999999999999963)"
Reference cluster 1,solaire,uv,protection
Cluster 31,protection
_____________________,_____________________,_____________________,_____________________
Reference clusters 2,Cluster 72,"(1.0, 0.25, 0.3999999999999968)"
Reference cluster 2,odeur,agréable,sent,parfum
Cluster 72,parfum
_____________________,_____________________,_____________________,_____________________,_____________________
Reference clusters 3,Cluster 67,"(1.0, 0.14285714285714285, 0.2499999999999978)"
Reference cluster 3,boutons,camoufle,colle,rougeurs,pique,taches,pores
Cluster 67,rougeurs
_____________________,_____________________,_____________________,_____________________,_____________________,_____________________,_____________________,_____________________
Reference clusters 4,Cluster 75,"(1.0, 0.3333333333333333, 0.4999999999999963)"
Reference cluster 4,couvrant,couvrance,couvre
Cluster 75,couvre
_____________________,_____________________,_____________________,_____________________
Reference clusters 5,Cluster 81,"(1.0, 0.16666666666666666, 0.28571428571428326)"
Reference cluster 5,brillance,naturel,mine,effet,briller,lisse,matifie,teintée,brille,teint,unifie,éclat
Cluster 81,effet,teint
_____________________,_____________________,_____________________,_____________________,_____________________,_____________________,_____________________,_____________________,_____________________,_____________________,_____________________,_____________________,_____________________
Reference clusters 6,Cluster 51,"(1.0, 0.25, 0.3999999999999968)"
Reference cluster 6,pratique,utilisation,facile,application
Cluster 51,utilisation
_____________________,_____________________,_____________________,_____________________,_____________________
Reference clusters 7,Cluster 64,"(1.0, 0.25, 0.3999999999999968)"
Reference cluster 7,couleur,teinte,belle,gamme
Cluster 64,belle
_____________________,_____________________,_____________________,_____________________,_____________________
Reference clusters 8,Cluster 84,"(1.0, 0.2857142857142857, 0.44444444444444103)"
Reference cluster 8,hydratante,hydratée,hydratation,hydrate,douce,hydratant,sensation
Cluster 84,hydratante,hydratation
_____________________,_____________________,_____________________,_____________________,_____________________,_____________________,_____________________,_____________________
Reference clusters 9,Cluster 42,"(1.0, 0.16666666666666666, 0.28571428571428326)"
Reference cluster 9,efficacité,parfait,résultat,satisfaite,qualité,efficace
Cluster 42,parfait
_____________________,_____________________,_____________________,_____________________,_____________________,_____________________,_____________________
Reference clusters 10,Cluster 92,"(1.0, 0.2857142857142857, 0.44444444444444103)"
Reference cluster 10,pot,flacon,pompe,présentation,bouchon,tube,emballage
Cluster 92,flacon,pompe
_____________________,_____________________,_____________________,_____________________,_____________________,_____________________,_____________________,_____________________
Reference clusters 11,Cluster 76,"(1.0, 0.16666666666666666, 0.28571428571428326)"
Reference cluster 11,temps,tient,journée,dure,jours,jour
Cluster 76,dure
_____________________,_____________________,_____________________,_____________________,_____________________,_____________________,_____________________
Reference clusters 12,Cluster 66,"(1.0, 0.2, 0.3333333333333306)"
Reference cluster 12,cher,chère,rapport,acheté,prix
Cluster 66,chère
_____________________,_____________________,_____________________,_____________________,_____________________,_____________________
Reference clusters 13,Cluster 90,"(1.0, 0.2, 0.3333333333333306)"
Reference cluster 13,mixtes,naturelle,sèche,sensible,peaux,peau,mixte,convient,grasse,grasses
Cluster 90,mixtes,grasses
_____________________,_____________________,_____________________,_____________________,_____________________,_____________________,_____________________,_____________________,_____________________,_____________________,_____________________
""
CLUSTER DE REFERENCE
Reference cluster 0,imperfections,ridules,rides
Reference cluster 1,solaire,uv,protection
Reference cluster 2,odeur,agréable,sent,parfum
Reference cluster 3,boutons,camoufle,colle,rougeurs,pique,taches,pores
Reference cluster 4,couvrant,couvrance,couvre
Reference cluster 5,brillance,naturel,mine,effet,briller,lisse,matifie,teintée,brille,teint,unifie,éclat
Reference cluster 6,pratique,utilisation,facile,application
Reference cluster 7,couleur,teinte,belle,gamme
Reference cluster 8,hydratante,hydratée,hydratation,hydrate,douce,hydratant,sensation
Reference cluster 9,efficacité,parfait,résultat,satisfaite,qualité,efficace
Reference cluster 10,pot,flacon,pompe,présentation,bouchon,tube,emballage
Reference cluster 11,temps,tient,journée,dure,jours,jour
Reference cluster 12,cher,chère,rapport,acheté,prix
Reference cluster 13,mixtes,naturelle,sèche,sensible,peaux,peau,mixte,convient,grasse,grasses
""
CLUSTER PRÉDITS
Cluster 0,application
Cluster 1,unifie
Cluster 2,maquiller
Cluster 3,brillance
Cluster 4,couvrant
Cluster 5,facile
Cluster 6,uv
Cluster 7,matin
Cluster 8,viens
Cluster 9,rides
Cluster 10,résultat
Cluster 11,colle
Cluster 12,zone
Cluster 13,rachèterai
Cluster 14,mine
Cluster 15,gamme
Cluster 16,naturelle
Cluster 17,efficace
Cluster 18,camoufle
Cluster 19,briller
Cluster 20,dommage
Cluster 21,sensation
Cluster 22,satisfaite
Cluster 23,solaire
Cluster 24,douce
Cluster 25,claire
Cluster 26,cher
Cluster 27,donné
Cluster 28,convient
Cluster 29,hydratée
Cluster 30,teintée
Cluster 31,protection
Cluster 32,mixte
Cluster 33,hydratant
Cluster 34,ridules
Cluster 35,visage
Cluster 36,naturel
Cluster 37,couleur
Cluster 38,sensible
Cluster 39,impression
Cluster 40,pénétration
Cluster 41,jour
Cluster 42,parfait
Cluster 43,imperfections
Cluster 44,boutons
Cluster 45,creme
Cluster 46,pores
Cluster 47,parfaite
Cluster 48,tient
Cluster 49,taches
Cluster 50,peaux
Cluster 51,utilisation
Cluster 52,couvrance
Cluster 53,hiver
Cluster 54,sent
Cluster 55,jours
Cluster 56,sèche
Cluster 57,teinte
Cluster 58,temps
Cluster 59,soin
Cluster 60,bouchon
Cluster 61,acheté
Cluster 62,nuit
Cluster 63,joli
Cluster 64,belle
Cluster 65,pique
Cluster 66,chère
Cluster 67,rougeurs
Cluster 68,poudre
Cluster 69,masque
Cluster 70,lisse
Cluster 71,maquillage
Cluster 72,parfum
Cluster 73,journée
Cluster 74,éclat
Cluster 75,couvre
Cluster 76,dure
Cluster 77,emballage
Cluster 78,brille
Cluster 79,pot,tube
Cluster 80,efficacité,long
Cluster 81,effet,teint
Cluster 82,crème,peau
Cluster 83,rapport,qualité
Cluster 84,hydratante,hydratation
Cluster 85,légère,fluide
Cluster 86,adore,matifie
Cluster 87,produit,prix
Cluster 88,recommande,déçue
Cluster 89,pratique,présentation
Cluster 90,mixtes,grasses
Cluster 91,gras,film
Cluster 92,flacon,pompe
Cluster 93,texture,odeur
Cluster 94,agréable,pénètre,hydrate,grasse
